00683,27/12/2020,03,11,17,19,34,39,0,85542628500,39,10000000,2167,300000,34272,30000
00682,25/12/2020,06,12,15,22,33,39,0,79257983500,47,10000000,2089,300000,34899,30000
00681,23/12/2020,07,11,17,31,35,40,0,73587193000,27,10000000,1647,300000,29666,30000
00680,20/12/2020,15,18,28,30,34,44,0,67862170500,39,10000000,1876,300000,27842,30000
00679,18/12/2020,04,09,14,23,32,38,0,62918148000,35,10000000,1878,300000,28033,30000
00678,16/12/2020,10,11,22,27,36,41,0,58449750000,35,10000000,1359,300000,22947,30000
00677,13/12/2020,10,12,20,36,41,44,0,53778716000,24,10000000,1297,300000,22820,30000
00676,11/12/2020,23,24,25,35,37,39,0,49475568500,19,10000000,1116,300000,21033,30000
00675,09/12/2020,16,24,27,31,36,43,0,45377214000,22,10000000,1134,300000,19419,30000
00674,06/12/2020,11,21,24,27,29,37,0,41344297000,19,10000000,1081,300000,18516,30000
00673,04/12/2020,03,05,33,37,41,43,0,37621514500,18,10000000,1050,300000,16889,30000
00672,02/12/2020,04,05,07,10,25,39,0,34216388000,23,10000000,1134,300000,19468,30000
00671,29/11/2020,06,07,14,18,37,43,0,32487853000,23,10000000,1023,300000,17211,30000
00670,27/11/2020,01,09,12,13,37,43,0,30862326500,23,10000000,954,300000,16447,30000
00669,25/11/2020,01,05,07,08,25,40,0,29360095000,8,10000000,1024,300000,17586,30000
00668,22/11/2020,09,16,17,24,32,40,0,27655191500,21,10000000,947,300000,15255,30000
00667,20/11/2020,02,17,24,29,31,37,0,26126425000,20,10000000,835,300000,13742,30000
00666,18/11/2020,18,19,21,31,39,44,0,24618929000,23,10000000,1015,300000,16202,30000
00665,15/11/2020,14,16,21,29,40,41,0,23148689500,16,10000000,843,300000,14669,30000
00664,13/11/2020,08,22,23,33,34,36,0,21632894500,16,10000000,810,300000,13540,30000
00663,11/11/2020,04,10,12,17,20,35,0,20122882500,9,10000000,951,300000,15281,30000
00662,08/11/2020,03,12,14,16,23,33,0,18724109500,20,10000000,930,300000,14733,30000
00661,06/11/2020,19,24,30,32,36,37,0,17496992000,12,10000000,754,300000,12378,30000
00660,04/11/2020,03,08,11,13,26,38,0,16175474000,33,10000000,1024,300000,14564,30000
00659,01/11/2020,06,21,27,30,32,44,0,15227119000,19,10000000,684,300000,11520,30000
00658,30/10/2020,04,05,14,18,23,43,0,14044809000,12,10000000,790,300000,12456,30000
00657,28/10/2020,01,04,07,15,35,45,0,13017582500,13,10000000,686,300000,11869,30000
00656,25/10/2020,11,19,30,38,41,45,1,15469693500,12,10000000,747,300000,12376,30000
00655,23/10/2020,05,10,16,23,34,45,0,14262597000,16,10000000,757,300000,12730,30000
00654,21/10/2020,04,11,26,36,38,41,0,13214173000,9,10000000,622,300000,10869,30000
00653,18/10/2020,01,14,25,26,30,40,1,24736948000,16,10000000,818,300000,13629,30000
00652,16/10/2020,04,14,16,23,24,27,0,23175596500,13,10000000,804,300000,14389,30000
00651,14/10/2020,04,07,23,32,43,44,0,21714617500,30,10000000,955,300000,14802,30000
00650,11/10/2020,12,18,28,31,40,45,0,20556242500,23,10000000,816,300000,14200,30000
00649,09/10/2020,15,19,23,30,33,39,0,19233191500,16,10000000,702,300000,13083,30000
00648,07/10/2020,13,15,25,26,28,34,0,17933889000,8,10000000,741,300000,12384,30000
00647,04/10/2020,09,16,19,25,26,39,0,16586431000,21,10000000,903,300000,14560,30000
00646,02/10/2020,09,11,21,31,32,37,0,15499943500,10,10000000,629,300000,11077,30000
00645,30/09/2020,02,05,31,32,42,44,0,14253385000,15,10000000,690,300000,11080,30000
00644,27/09/2020,01,12,26,31,37,38,0,13062466000,18,10000000,783,300000,11192,30000
00643,25/09/2020,14,20,22,35,44,45,1,39137122000,14,10000000,1091,300000,18180,30000
00642,23/09/2020,02,08,17,23,30,41,0,35907292500,27,10000000,1057,300000,17060,30000
00641,20/09/2020,05,07,09,13,15,16,0,32667127000,39,10000000,1361,300000,18706,30000
00640,18/09/2020,10,19,21,23,27,33,0,31378564000,20,10000000,872,300000,15537,30000
00639,16/09/2020,05,20,29,30,38,40,0,29847296500,27,10000000,976,300000,16185,30000
00638,13/09/2020,20,23,28,37,40,44,0,28258554000,10,10000000,854,300000,15135,30000
00637,11/09/2020,04,11,13,16,17,33,0,26560368000,18,10000000,878,300000,15083,30000
00636,09/09/2020,19,21,34,35,36,39,0,25062356000,16,10000000,867,300000,14630,30000
00635,06/09/2020,01,06,19,29,31,44,0,23500560000,14,10000000,944,300000,15463,30000
00634,04/09/2020,07,16,20,30,40,41,0,22097628000,12,10000000,756,300000,13166,30000
00633,02/09/2020,08,10,14,16,18,24,0,20638279000,11,10000000,920,300000,13588,30000
00632,30/08/2020,06,08,18,19,29,33,0,19318430000,15,10000000,912,300000,14327,30000
00631,28/08/2020,10,11,14,23,27,37,0,18106010500,14,10000000,670,300000,11789,30000
00630,26/08/2020,02,18,24,28,35,42,0,16963660000,17,10000000,873,300000,14051,30000
00629,23/08/2020,10,14,19,25,36,39,0,15667908000,20,10000000,834,300000,13792,30000
00628,21/08/2020,07,08,26,30,37,43,0,14448262000,15,10000000,736,300000,12283,30000
00627,19/08/2020,07,20,36,37,43,45,0,13211329500,16,10000000,682,300000,12466,30000
00626,16/08/2020,02,05,06,20,33,39,1,17198203500,7,10000000,729,300000,13507,30000
00625,14/08/2020,09,18,21,24,34,41,0,15762353000,13,10000000,738,300000,12530,30000
00624,12/08/2020,07,21,34,38,43,44,0,14457721000,22,10000000,790,300000,13278,30000
00623,09/08/2020,11,13,14,43,44,45,0,13221947500,23,10000000,740,300000,12506,30000
00622,07/08/2020,17,26,35,40,43,44,1,70360287500,36,10000000,1802,300000,27471,30000
00621,05/08/2020,14,18,19,32,33,38,0,65070796000,39,10000000,1602,300000,26088,30000
00620,02/08/2020,06,09,12,17,41,42,0,60108410500,18,10000000,1241,300000,22805,30000
00619,31/07/2020,04,09,19,29,36,41,0,55804881000,29,10000000,1515,300000,24155,30000
00618,29/07/2020,06,14,26,41,42,43,0,51471624500,40,10000000,1562,300000,23332,30000
00617,26/07/2020,05,15,21,39,43,45,0,47551547500,38,10000000,1428,300000,21309,30000
00616,24/07/2020,04,25,31,35,39,41,0,44043448000,19,10000000,1003,300000,17650,30000
00615,22/07/2020,09,13,18,24,26,42,0,40417844000,27,10000000,1280,300000,20333,30000
00614,19/07/2020,01,13,14,19,42,45,0,36823607000,19,10000000,949,300000,18027,30000
00613,17/07/2020,04,10,18,20,32,45,0,33354961500,25,10000000,1350,300000,18291,30000
00612,15/07/2020,10,11,18,19,20,45,0,30337936500,27,10000000,1166,300000,18372,30000
00611,12/07/2020,02,15,21,27,31,35,0,27309454000,23,10000000,884,300000,14811,30000
00610,10/07/2020,18,20,22,33,35,39,0,24662886500,21,10000000,884,300000,14644,30000
00609,08/07/2020,14,15,17,21,31,38,0,23096788500,12,10000000,859,300000,14093,30000
00608,05/07/2020,05,08,10,17,22,31,0,21412184000,16,10000000,892,300000,14858,30000
00607,03/07/2020,04,05,17,18,22,36,0,19920010500,37,10000000,930,300000,14276,30000
00606,01/07/2020,10,13,14,26,32,33,0,18717334500,11,10000000,729,300000,14071,30000
00605,28/06/2020,04,15,24,36,37,41,0,17173729000,21,10000000,849,300000,13004,30000
00604,26/06/2020,09,23,27,30,38,41,0,15917912500,18,10000000,738,300000,12926,30000
00603,24/06/2020,07,17,18,32,39,40,0,14614719000,7,10000000,768,300000,12902,30000
00602,21/06/2020,07,09,13,33,40,44,0,13220130500,22,10000000,883,300000,14258,30000
00601,19/06/2020,04,12,17,19,32,45,2,45684111000,45,10000000,2219,300000,35925,30000
00600,17/06/2020,07,16,28,33,34,45,0,84946818500,39,10000000,1936,300000,33745,30000
00599,14/06/2020,19,22,24,41,44,45,0,78571404000,46,10000000,1911,300000,29107,30000
00598,12/06/2020,05,16,22,27,30,31,0,73475094000,36,10000000,1612,300000,26216,30000
00597,10/06/2020,02,11,23,25,26,35,0,68049543000,29,10000000,1674,300000,28765,30000
00596,07/06/2020,06,07,11,16,23,44,0,62815156500,53,10000000,2326,300000,31276,30000
00595,05/06/2020,10,13,22,28,38,43,0,58798582000,34,10000000,1393,300000,22956,30000
00594,03/06/2020,01,15,17,19,40,43,0,54279268000,25,10000000,1241,300000,21772,30000
00593,31/05/2020,01,06,13,27,35,40,0,49640083000,26,10000000,1327,300000,20992,30000
00592,29/05/2020,04,10,23,26,35,37,0,45537563500,24,10000000,1270,300000,20871,30000
00591,27/05/2020,06,15,29,30,37,42,0,41676491500,21,10000000,1155,300000,20938,30000
00590,24/05/2020,01,29,30,32,34,35,0,37678580500,25,10000000,879,300000,16725,30000
00589,22/05/2020,03,08,19,28,35,41,0,33938516000,28,10000000,1229,300000,19443,30000
00588,20/05/2020,01,08,15,23,25,39,0,32194354500,40,10000000,1292,300000,20040,30000
00587,17/05/2020,02,04,21,30,33,37,0,30660959000,25,10000000,904,300000,15472,30000
00586,15/05/2020,03,12,13,28,33,36,0,28926318500,31,10000000,1099,300000,17738,30000
00585,13/05/2020,06,20,21,35,40,45,0,27388276500,27,10000000,1183,300000,18134,30000
00584,10/05/2020,07,09,23,32,33,37,0,25796746500,17,10000000,1014,300000,17364,30000
00583,08/05/2020,01,03,07,12,22,25,0,24151984500,25,10000000,1142,300000,17075,30000
00582,06/05/2020,03,18,25,29,30,44,0,22721676000,20,10000000,962,300000,16088,30000
00581,03/05/2020,05,18,29,32,38,44,0,21141122000,16,10000000,806,300000,14384,30000
00580,01/05/2020,06,07,16,37,40,44,0,19664130500,11,10000000,710,300000,12607,30000
00579,29/04/2020,01,08,11,13,15,32,0,18366851000,8,10000000,942,300000,15272,30000
00578,26/04/2020,05,25,30,36,37,41,0,16901292000,15,10000000,689,300000,12086,30000
00577,24/04/2020,10,31,37,39,40,43,0,15554413500,10,10000000,621,300000,10628,30000
00576,29/03/2020,07,10,23,36,39,44,0,14287347500,6,10000000,664,300000,11464,30000
00575,27/03/2020,01,06,10,35,36,45,0,13089171500,12,10000000,661,300000,11442,30000
00574,25/03/2020,26,31,33,37,38,45,1,15800249000,12,10000000,675,300000,11957,30000
00573,22/03/2020,02,10,19,22,24,29,0,14394846500,10,10000000,875,300000,13961,30000
00572,20/03/2020,08,23,29,37,39,44,0,13176623000,13,10000000,773,300000,12383,30000
00571,18/03/2020,06,21,30,37,38,45,1,62684211000,13,10000000,1219,300000,22398,30000
00570,15/03/2020,04,07,11,17,19,31,0,57959783500,31,10000000,1588,300000,24547,30000
00569,13/03/2020,08,13,20,28,35,45,0,53983116000,33,10000000,1581,300000,24725,30000
00568,11/03/2020,12,16,29,35,37,44,0,50186438500,23,10000000,1418,300000,22113,30000
00567,08/03/2020,03,13,17,19,21,43,0,46265120000,30,10000000,1300,300000,20998,30000
00566,06/03/2020,06,09,10,16,26,42,0,42660497500,33,10000000,1323,300000,21204,30000
00565,04/03/2020,01,07,17,24,35,41,0,39345173500,32,10000000,1209,300000,19063,30000
00564,01/03/2020,01,06,07,13,26,39,0,36055064000,25,10000000,997,300000,17870,30000
00563,28/02/2020,02,19,23,27,29,38,0,32941839000,13,10000000,930,300000,16671,30000
00562,26/02/2020,02,10,12,20,24,39,0,29761306500,35,10000000,1238,300000,18771,30000
00561,23/02/2020,01,06,16,23,34,42,0,26980902000,21,10000000,1049,300000,16421,30000
00560,21/02/2020,13,15,22,28,29,41,0,24507303500,19,10000000,787,300000,13993,30000
00559,19/02/2020,01,16,23,25,30,38,0,22971905500,21,10000000,847,300000,15646,30000
00558,16/02/2020,01,04,14,36,37,41,0,21451490000,13,10000000,759,300000,12677,30000
00557,14/02/2020,04,14,24,32,36,43,0,19896006000,32,10000000,958,300000,14674,30000
00556,12/02/2020,05,13,16,20,24,35,0,18686469000,18,10000000,891,300000,14790,30000
00555,09/02/2020,01,04,18,22,26,35,0,17272512500,8,10000000,935,300000,13757,30000
00554,07/02/2020,06,11,15,33,40,44,0,15894979500,25,10000000,833,300000,13487,30000
00553,05/02/2020,09,19,24,37,38,45,0,14716702500,15,10000000,900,300000,15353,30000
00552,02/02/2020,01,04,16,32,35,38,0,13410590500,7,10000000,787,300000,12887,30000
00551,31/01/2020,08,09,20,25,30,40,1,39393760000,30,10000000,1398,300000,20904,30000
00550,29/01/2020,03,10,16,24,39,44,0,35767812500,18,10000000,1034,300000,16394,30000
00549,26/01/2020,04,05,09,25,33,37,0,32663745000,30,10000000,1183,300000,18837,30000
00548,22/01/2020,01,15,16,34,36,42,0,29298454500,23,10000000,1058,300000,18459,30000
00547,19/01/2020,01,04,19,25,35,39,0,25510108000,31,10000000,1251,300000,19337,30000
00546,17/01/2020,08,26,28,37,40,42,0,23200768000,24,10000000,1044,300000,18296,30000
00545,15/01/2020,02,08,19,31,38,44,0,21510758000,29,10000000,1037,300000,18007,30000
00544,12/01/2020,07,12,17,21,35,45,0,19872112500,27,10000000,1334,300000,18655,30000
00543,10/01/2020,10,18,24,35,41,43,0,18509904500,23,10000000,909,300000,15362,30000
00542,08/01/2020,02,04,10,21,25,43,0,17008985000,23,10000000,926,300000,15206,30000
00541,05/01/2020,05,11,12,26,44,45,0,15550849500,41,10000000,1287,300000,17774,30000
00540,03/01/2020,01,15,17,26,32,44,0,14655615000,19,10000000,767,300000,13611,30000
00539,01/01/2020,08,10,23,26,37,38,0,13312067500,19,10000000,829,300000,13625,30000
00538,29/12/2019,07,12,21,24,35,43,1,57045118500,48,10000000,1540,300000,24319,30000
00537,27/12/2019,02,07,10,12,33,43,0,52865508000,26,10000000,1252,300000,23318,30000
00536,25/12/2019,10,18,25,26,36,43,0,48452999500,29,10000000,1250,300000,21772,30000
00535,22/12/2019,09,10,11,18,22,36,0,44243846500,22,10000000,1352,300000,22246,30000
00534,20/12/2019,01,09,16,27,38,45,0,40443194000,31,10000000,1295,300000,19904,30000
00533,18/12/2019,08,09,12,19,22,25,0,37173295000,33,10000000,1605,300000,23142,30000
00532,15/12/2019,03,13,15,16,22,36,0,35603542000,21,10000000,1052,300000,18750,30000
00531,13/12/2019,02,08,09,25,26,40,0,33790460500,25,10000000,1135,300000,18579,30000
00530,11/12/2019,01,02,08,27,29,39,0,32090856500,15,10000000,1046,300000,17261,30000
00529,08/12/2019,12,20,30,31,34,44,0,30329123500,11,10000000,932,300000,15745,30000
00528,06/12/2019,02,20,26,35,43,45,0,28546624000,16,10000000,873,300000,14863,30000
00527,04/12/2019,16,19,24,30,32,35,0,26950480500,16,10000000,1019,300000,16157,30000
00526,01/12/2019,03,14,16,27,31,35,0,25377089500,15,10000000,848,300000,14632,30000
00525,29/11/2019,14,15,16,17,19,34,0,23737598500,19,10000000,719,300000,13820,30000
00524,27/11/2019,03,05,13,19,20,33,0,22213329000,25,10000000,946,300000,15580,30000
00523,24/11/2019,05,21,24,28,29,34,0,20885667500,13,10000000,758,300000,13544,30000
00522,22/11/2019,01,09,10,19,30,38,0,19423681500,25,10000000,994,300000,15436,30000
00521,20/11/2019,10,21,22,24,43,44,0,18300224000,10,10000000,684,300000,11659,30000
00520,17/11/2019,06,07,14,31,39,44,0,16908131500,12,10000000,683,300000,12441,30000
00519,15/11/2019,02,13,27,33,40,41,0,15604919500,19,10000000,661,300000,11224,30000
00518,13/11/2019,17,19,24,30,31,40,0,14424595500,13,10000000,652,300000,11368,30000
00517,10/11/2019,04,14,21,28,32,36,0,13211095000,5,10000000,614,300000,10774,30000
00516,08/11/2019,04,16,19,30,32,44,1,13105822000,15,10000000,708,300000,11333,30000
00515,06/11/2019,03,15,22,23,38,43,1,25973365000,38,10000000,1014,300000,15743,30000
00514,03/11/2019,28,30,32,38,44,45,0,24662089000,28,10000000,844,300000,13669,30000
00513,01/11/2019,06,11,20,30,37,40,0,23289402000,12,10000000,847,300000,14003,30000
00512,30/10/2019,02,05,08,12,29,38,0,21917627500,28,10000000,1013,300000,16234,30000
00511,27/10/2019,01,19,29,30,40,42,0,20715497000,15,10000000,729,300000,12371,30000
00510,25/10/2019,04,07,09,22,32,37,0,19294833000,16,10000000,810,300000,13575,30000
00509,23/10/2019,02,09,21,23,32,41,0,18002864000,16,10000000,904,300000,14386,30000
00508,20/10/2019,01,03,08,15,38,40,0,16793980000,17,10000000,733,300000,12307,30000
00507,18/10/2019,04,14,15,22,28,39,0,15557260500,12,10000000,652,300000,11526,30000
00506,16/10/2019,01,04,23,28,41,42,0,14327867000,17,10000000,632,300000,10858,30000
00505,13/10/2019,06,22,28,31,37,40,0,13134526000,19,10000000,600,300000,10352,30000
00504,11/10/2019,06,12,14,27,28,36,1,22740613000,14,10000000,897,300000,15192,30000
00503,09/10/2019,03,12,21,24,28,32,0,21389955500,31,10000000,951,300000,15003,30000
00502,06/10/2019,01,06,17,30,44,45,0,20224441000,18,10000000,747,300000,12737,30000
00501,04/10/2019,02,09,24,25,30,36,0,18949662000,19,10000000,782,300000,13405,30000
00500,02/10/2019,02,06,07,25,28,41,0,17753510000,16,10000000,794,300000,13566,30000
00499,29/09/2019,02,09,12,18,21,23,0,16530261500,15,10000000,973,300000,14995,30000
00498,27/09/2019,06,09,11,28,37,44,0,15393271500,22,10000000,891,300000,13451,30000
00497,25/09/2019,09,14,22,26,44,45,0,14415927500,13,10000000,748,300000,12635,30000
00496,22/09/2019,03,06,21,36,38,39,0,13255293000,16,10000000,781,300000,12729,30000
00495,20/09/2019,07,12,24,29,31,45,2,99453004500,117,10000000,3480,300000,43740,30000
00494,18/09/2019,03,09,13,17,19,20,0,94535082000,66,10000000,2751,300000,38019,30000
00493,15/09/2019,08,09,28,33,35,43,0,89344198000,33,10000000,1737,300000,31595,30000
00492,13/09/2019,02,15,17,25,30,38,0,84031956000,34,10000000,1616,300000,27028,30000
00491,11/09/2019,21,25,29,32,34,35,0,78841975000,27,10000000,1311,300000,24917,30000
00490,08/09/2019,06,09,11,26,28,36,0,73447486500,51,10000000,2138,300000,28471,30000
00489,06/09/2019,02,04,13,15,26,31,0,69609684500,50,10000000,1516,300000,23372,30000
00488,04/09/2019,01,09,11,23,30,37,0,65623409000,36,10000000,1325,300000,22657,30000
00487,01/09/2019,05,07,14,16,29,40,0,61531051000,17,10000000,1178,300000,20097,30000
00486,30/08/2019,05,06,22,23,25,44,0,57561110500,24,10000000,1367,300000,22476,30000
00485,28/08/2019,01,04,12,14,19,30,0,53879797500,39,10000000,1275,300000,20001,30000
00484,25/08/2019,07,08,15,20,24,31,0,50256177000,20,10000000,1290,300000,19053,30000
00483,23/08/2019,06,07,12,17,19,24,0,46911829000,19,10000000,1253,300000,20309,30000
00482,21/08/2019,06,08,17,20,21,31,0,43784877000,29,10000000,1123,300000,17782,30000
00481,18/08/2019,02,07,18,21,24,33,0,40626087000,22,10000000,987,300000,16944,30000
00480,16/08/2019,06,14,15,19,31,39,0,37492523500,14,10000000,915,300000,16248,30000
00479,14/08/2019,13,20,22,24,33,34,0,34518894000,20,10000000,855,300000,14855,30000
00478,11/08/2019,01,04,07,09,25,31,0,31428258500,22,10000000,961,300000,15474,30000
00477,09/08/2019,11,19,26,28,30,42,0,28478574500,26,10000000,972,300000,15267,30000
00476,07/08/2019,01,05,13,31,32,43,0,26578394000,17,10000000,779,300000,14034,30000
00475,04/08/2019,06,10,21,30,43,45,0,25016702000,16,10000000,790,300000,13880,30000
00474,02/08/2019,11,18,20,22,25,26,0,23471032000,22,10000000,1012,300000,15433,30000
00473,31/07/2019,06,12,15,19,25,45,0,22199548000,25,10000000,1034,300000,16594,30000
00472,28/07/2019,05,14,16,24,42,43,0,21025187500,7,10000000,776,300000,12591,30000
00471,26/07/2019,05,14,16,22,25,33,0,19673771500,18,10000000,763,300000,13117,30000
00470,24/07/2019,20,22,25,39,44,45,0,18405343500,14,10000000,635,300000,11869,30000
00469,21/07/2019,07,08,10,24,33,44,0,17128970000,19,10000000,765,300000,11969,30000
00468,19/07/2019,09,12,23,26,28,43,0,16041728500,19,10000000,834,300000,13056,30000
00467,17/07/2019,10,11,16,22,28,35,0,15023456000,17,10000000,824,300000,12179,30000
00466,14/07/2019,02,03,07,25,33,34,0,14014911500,16,10000000,673,300000,11490,30000
00465,12/07/2019,16,18,24,26,40,44,0,12982557500,17,10000000,670,300000,10245,30000
00464,10/07/2019,01,02,06,07,16,27,1,29119908000,14,10000000,1047,300000,17186,30000
00463,07/07/2019,02,18,21,23,30,31,0,27560799500,14,10000000,897,300000,15139,30000
00462,05/07/2019,19,21,30,31,37,43,0,25923998500,23,10000000,799,300000,13795,30000
00461,03/07/2019,02,07,25,29,39,45,0,24476352500,21,10000000,971,300000,15357,30000
00460,30/06/2019,05,20,22,25,28,32,0,23161203000,13,10000000,822,300000,13884,30000
00459,28/06/2019,11,25,37,40,41,45,0,21710623500,16,10000000,770,300000,12897,30000
00458,26/06/2019,01,05,09,10,33,41,0,20418360500,10,10000000,825,300000,13662,30000
00457,23/06/2019,03,08,11,27,32,36,0,19041263000,12,10000000,837,300000,13698,30000
00456,21/06/2019,01,04,19,21,23,39,0,17771417500,11,10000000,704,300000,11773,30000
00455,19/06/2019,02,04,11,15,35,40,0,16557487500,12,10000000,722,300000,12321,30000
00454,16/06/2019,06,07,19,29,31,36,0,15332578500,18,10000000,634,300000,11785,30000
00453,14/06/2019,02,12,16,36,37,45,0,14177934500,16,10000000,688,300000,11136,30000
00452,12/06/2019,10,11,21,23,26,37,0,13115937000,12,10000000,683,300000,11253,30000
00451,09/06/2019,02,06,22,25,35,36,1,34381055000,13,10000000,906,300000,15308,30000
00450,07/06/2019,11,13,15,26,27,41,0,32742356500,21,10000000,916,300000,15081,30000
00449,05/06/2019,04,08,22,25,37,39,0,31263883000,20,10000000,926,300000,15716,30000
00448,02/06/2019,02,05,12,35,41,43,0,29782077000,22,10000000,874,300000,15017,30000
00447,31/05/2019,05,06,07,12,23,30,0,28327703000,18,10000000,1036,300000,16259,30000
00446,29/05/2019,12,18,19,27,35,42,0,26999524500,19,10000000,941,300000,15534,30000
00445,26/05/2019,11,12,14,23,29,32,0,25583062000,26,10000000,1043,300000,15998,30000
00444,24/05/2019,02,03,31,33,35,40,0,24272614500,10,10000000,768,300000,13012,30000
00443,22/05/2019,01,13,16,22,23,35,0,22677291500,13,10000000,804,300000,14506,30000
00442,19/05/2019,02,11,19,27,30,42,0,21220151500,19,10000000,900,300000,14587,30000
00441,17/05/2019,06,16,18,29,39,43,0,19892566500,21,10000000,931,300000,14250,30000
00440,15/05/2019,17,28,29,33,34,35,0,18642166500,19,10000000,707,300000,13221,30000
00439,12/05/2019,01,08,13,17,21,43,0,17230884500,11,10000000,779,300000,13370,30000
00438,10/05/2019,05,23,25,30,35,38,0,15860858500,8,10000000,708,300000,12653,30000
00437,08/05/2019,01,07,08,31,34,45,0,14557802000,13,10000000,754,300000,12592,30000
00436,05/05/2019,13,27,30,38,39,41,0,13321559500,9,10000000,676,300000,11367,30000
00435,03/05/2019,01,06,14,31,35,44,1,20603254000,18,10000000,742,300000,13289,30000
00434,01/05/2019,18,23,24,27,33,41,0,19167212000,14,10000000,661,300000,11369,30000
00433,28/04/2019,04,24,28,30,33,43,0,17974733000,18,10000000,755,300000,12659,30000
00432,26/04/2019,01,02,14,15,16,30,0,16734191500,22,10000000,745,300000,12598,30000
00431,24/04/2019,04,07,12,13,20,45,0,15460909500,14,10000000,838,300000,13850,30000
00430,21/04/2019,08,11,13,20,41,43,0,14253836000,16,10000000,735,300000,11891,30000
00429,19/04/2019,01,04,05,12,17,21,0,13042826000,22,10000000,889,300000,13140,30000
00428,17/04/2019,07,11,21,25,30,44,1,13225173500,19,10000000,770,300000,12946,30000
00427,14/04/2019,04,13,20,34,35,37,1,44071252500,21,10000000,1015,300000,19036,30000
00426,12/04/2019,03,12,15,16,17,44,0,40141316500,26,10000000,1425,300000,23289,30000
00425,10/04/2019,07,11,14,30,35,42,0,36441477000,21,10000000,1286,300000,21151,30000
00424,07/04/2019,08,10,26,28,32,34,0,32688405500,19,10000000,1083,300000,18993,30000
00423,05/04/2019,02,07,25,36,38,43,0,29177213000,23,10000000,1128,300000,18453,30000
00422,03/04/2019,04,11,18,33,34,45,0,26129369500,24,10000000,1065,300000,18572,30000
00421,31/03/2019,03,05,19,28,31,38,0,24437276000,15,10000000,1085,300000,17793,30000
00420,29/03/2019,02,19,26,27,30,37,0,22765342000,15,10000000,917,300000,15485,30000
00419,27/03/2019,09,12,22,24,30,42,0,21055913000,26,10000000,1078,300000,16892,30000
00418,24/03/2019,05,17,21,27,34,40,0,19595469000,11,10000000,814,300000,14508,30000
00417,22/03/2019,01,03,06,13,18,41,0,18010166000,13,10000000,871,300000,14393,30000
00416,20/03/2019,02,07,17,24,29,37,0,16559719000,29,10000000,1010,300000,15119,30000
00415,17/03/2019,05,06,16,18,24,42,0,15253753500,29,10000000,1105,300000,15576,30000
00414,15/03/2019,05,10,15,19,38,42,0,14180566000,25,10000000,870,300000,14640,30000
00413,13/03/2019,05,16,24,26,34,44,0,13014844500,34,10000000,1070,300000,13801,30000
00412,10/03/2019,05,24,31,32,42,45,1,24935729000,18,10000000,1145,300000,17867,30000
00411,08/03/2019,04,14,20,27,32,43,0,23311659500,23,10000000,953,300000,15887,30000
00410,06/03/2019,02,07,14,24,40,41,0,21651509000,22,10000000,1012,300000,16235,30000
00409,03/03/2019,01,13,17,20,30,45,0,20020723000,12,10000000,877,300000,14886,30000
00408,01/03/2019,15,23,29,31,38,43,0,18395685000,17,10000000,909,300000,14393,30000
00407,27/02/2019,05,12,15,16,25,35,0,16899838500,40,10000000,1179,300000,16382,30000
00406,24/02/2019,01,07,13,23,32,42,0,15777343000,21,10000000,846,300000,13951,30000
00405,22/02/2019,07,10,18,25,44,45,0,14477636500,19,10000000,831,300000,14306,30000
00404,20/02/2019,01,10,15,24,37,45,0,13180421500,28,10000000,963,300000,14502,30000
00403,17/02/2019,11,12,14,25,29,31,1,21973928500,59,10000000,1029,300000,17088,30000
00402,15/02/2019,03,22,26,27,30,44,0,20754252000,30,10000000,1109,300000,17557,30000
00401,13/02/2019,05,11,18,33,37,41,0,19147983000,22,10000000,1093,300000,18161,30000
00400,10/02/2019,01,11,17,25,29,35,0,17338772000,16,10000000,892,300000,14600,30000
00399,08/02/2019,11,12,33,36,39,43,0,15924776500,10,10000000,722,300000,11293,30000
00398,06/02/2019,22,24,25,30,33,38,0,14851632000,17,10000000,748,300000,12379,30000
00397,03/02/2019,01,02,05,09,23,24,0,13563140000,13,10000000,982,300000,16804,30000
00396,01/02/2019,03,04,06,38,39,43,3,75388996000,84,10000000,2242,300000,32988,30000
00395,30/01/2019,01,04,06,13,37,41,0,70202846500,16,10000000,1660,300000,27981,30000
00394,27/01/2019,09,11,12,22,27,29,0,64238800500,44,10000000,1992,300000,29822,30000
00393,25/01/2019,11,13,14,22,30,38,0,59381811000,36,10000000,1494,300000,24596,30000
00392,23/01/2019,02,09,13,29,33,40,0,54675909000,14,10000000,1467,300000,25586,30000
00391,20/01/2019,08,16,21,31,35,38,0,49631995000,25,10000000,1284,300000,21872,30000
00390,18/01/2019,12,15,19,38,40,45,0,45228539500,14,10000000,1375,300000,22815,30000
00389,16/01/2019,01,08,14,24,31,40,0,41145812500,20,10000000,1077,300000,18823,30000
00388,13/01/2019,01,20,21,23,26,33,0,37819245500,20,10000000,919,300000,16991,30000
00387,11/01/2019,19,21,22,23,25,44,0,35699076500,25,10000000,1156,300000,18900,30000
00386,09/01/2019,17,27,28,30,33,41,0,33794171000,22,10000000,1008,300000,17741,30000
00385,06/01/2019,09,22,33,34,35,44,0,31809761500,22,10000000,1189,300000,18903,30000
00384,04/01/2019,01,08,14,16,19,22,0,29906609000,16,10000000,1041,300000,17173,30000
00383,02/01/2019,04,14,32,35,36,40,0,28121934500,21,10000000,891,300000,15446,30000
00382,30/12/2018,10,19,31,35,42,44,0,26321218500,16,10000000,955,300000,15385,30000
00381,28/12/2018,03,22,24,25,31,37,0,24652572000,21,10000000,970,300000,15416,30000
00380,26/12/2018,21,28,34,35,41,44,0,23123394000,16,10000000,835,300000,14223,30000
00379,23/12/2018,01,03,10,11,16,44,0,21428428500,21,10000000,1044,300000,15726,30000
00378,21/12/2018,01,07,16,27,29,34,0,19992770500,27,10000000,1006,300000,14842,30000
00377,19/12/2018,02,10,11,32,40,44,0,18623341500,27,10000000,784,300000,13564,30000
00376,16/12/2018,01,14,22,26,35,42,0,17211916500,17,10000000,822,300000,12731,30000
00375,14/12/2018,07,16,20,26,30,34,0,15853774500,11,10000000,757,300000,12986,30000
00374,12/12/2018,01,03,11,15,27,30,0,14424640000,18,10000000,867,300000,13250,30000
00373,09/12/2018,06,08,26,34,40,41,0,13234739000,16,10000000,728,300000,12147,30000
00372,07/12/2018,01,06,07,22,31,39,1,13327206000,12,10000000,745,300000,12760,30000
00371,05/12/2018,07,28,29,39,42,45,1,22811729000,25,10000000,1188,300000,18267,30000
00370,02/12/2018,02,04,12,23,37,45,0,21297938500,24,10000000,1077,300000,17509,30000
00369,30/11/2018,11,18,23,25,28,35,0,19833902000,38,10000000,1196,300000,17693,30000
00368,28/11/2018,08,13,20,21,25,28,0,18659638000,14,10000000,895,300000,15331,30000
00367,25/11/2018,03,05,11,18,24,29,0,17059686000,27,10000000,953,300000,14191,30000
00366,23/11/2018,08,10,12,21,25,40,0,16179431500,13,10000000,985,300000,15387,30000
00365,21/11/2018,07,09,16,19,24,33,0,14759709000,21,10000000,1050,300000,15944,30000
00364,18/11/2018,06,27,28,30,37,44,0,13453897000,12,10000000,826,300000,14030,30000
00363,16/11/2018,04,12,18,21,25,41,1,52258801500,45,10000000,1526,300000,23536,30000
00362,14/11/2018,12,14,24,26,30,40,0,48159309000,28,10000000,1296,300000,21256,30000
00361,11/11/2018,20,23,26,27,32,34,0,43902022000,19,10000000,1077,300000,19095,30000
00360,09/11/2018,06,18,28,32,34,35,0,39864238000,34,10000000,1351,300000,20913,30000
00359,07/11/2018,06,18,22,25,31,37,0,36379047500,38,10000000,1280,300000,20227,30000
00358,04/11/2018,07,12,13,17,25,30,0,32794682000,28,10000000,1134,300000,19060,30000
00357,02/11/2018,04,06,11,18,24,25,0,29460748500,27,10000000,1217,300000,19837,30000
00356,31/10/2018,17,22,26,30,33,35,0,26288813500,25,10000000,1010,300000,16762,30000
00355,28/10/2018,09,18,19,20,31,45,0,23707191500,28,10000000,1253,300000,18672,30000
00354,26/10/2018,02,18,31,33,36,41,0,22250368000,23,10000000,921,300000,15469,30000
00353,24/10/2018,06,26,34,35,39,42,0,20507870500,25,10000000,1121,300000,16947,30000
00352,21/10/2018,06,22,24,28,30,37,0,18963930500,24,10000000,1037,300000,16373,30000
00351,19/10/2018,02,14,30,38,39,45,0,17473946000,15,10000000,776,300000,13698,30000
00350,17/10/2018,01,12,14,36,39,43,0,15978847000,23,10000000,875,300000,14621,30000
00349,14/10/2018,07,08,09,34,40,43,0,14531727000,28,10000000,1041,300000,15477,30000
00348,12/10/2018,11,12,20,26,28,42,0,13314551500,15,10000000,893,300000,14992,30000
00347,10/10/2018,18,19,22,28,41,42,1,66629405000,29,10000000,1552,300000,26183,30000
00346,07/10/2018,14,18,31,34,39,44,0,61781541000,20,10000000,1268,300000,23167,30000
00345,05/10/2018,04,12,17,29,35,44,0,57081586000,33,10000000,1381,300000,23418,30000
00344,03/10/2018,06,12,19,21,25,45,0,52932632500,36,10000000,1718,300000,24705,30000
00343,30/09/2018,01,20,24,36,43,45,0,48950540000,21,10000000,1177,300000,20198,30000
00342,28/09/2018,02,06,11,13,15,38,0,44806838500,23,10000000,1334,300000,22636,30000
00341,26/09/2018,12,19,27,39,42,45,0,40998275000,21,10000000,1455,300000,23118,30000
00340,23/09/2018,18,27,32,35,41,44,0,38869967500,19,10000000,1155,300000,18958,30000
00339,21/09/2018,01,03,11,14,23,29,0,36885341000,19,10000000,1076,300000,18688,30000
00338,19/09/2018,10,20,22,24,27,42,0,34913441500,28,10000000,1107,300000,18883,30000
00337,16/09/2018,03,13,17,18,23,34,0,33027155000,15,10000000,1060,300000,18140,30000
00336,14/09/2018,12,16,17,18,26,34,0,31118111500,21,10000000,1100,300000,17553,30000
00335,12/09/2018,11,12,13,16,29,31,0,29419428500,17,10000000,1040,300000,17826,30000
00334,09/09/2018,08,14,18,21,44,45,0,27522500500,14,10000000,1024,300000,17464,30000
00333,07/09/2018,08,10,11,28,42,45,0,25630550500,27,10000000,1151,300000,18524,30000
00332,05/09/2018,05,06,22,27,34,37,0,24112702500,19,10000000,1033,300000,17819,30000
00331,02/09/2018,10,12,13,22,26,40,0,22424074500,21,10000000,768,300000,14328,30000
00330,31/08/2018,11,19,30,36,38,40,0,20898326500,22,10000000,871,300000,15498,30000
00329,29/08/2018,16,17,24,28,30,36,0,19222545000,17,10000000,1012,300000,15167,30000
00328,26/08/2018,01,03,11,12,22,36,0,17774665500,14,10000000,913,300000,15017,30000
00327,24/08/2018,03,22,25,29,33,40,0,16218356500,13,10000000,848,300000,14074,30000
00326,22/08/2018,15,17,18,33,34,44,0,14666550500,18,10000000,823,300000,14638,30000
00325,19/08/2018,16,18,28,36,37,45,0,13176212000,25,10000000,888,300000,14540,30000
00324,17/08/2018,03,08,22,28,33,42,1,16109307500,33,10000000,958,300000,15602,30000
00323,15/08/2018,12,24,25,33,40,44,0,14830706500,18,10000000,853,300000,14849,30000
00322,12/08/2018,05,16,17,28,31,38,0,13334071500,24,10000000,912,300000,15111,30000
00321,10/08/2018,18,22,24,29,41,45,1,31813307500,15,10000000,1069,300000,18117,30000
00320,08/08/2018,19,34,37,39,41,44,0,29901465000,22,10000000,1028,300000,18789,30000
00319,05/08/2018,07,10,18,31,39,43,0,27963487000,23,10000000,1136,300000,18095,30000
00318,03/08/2018,03,08,10,24,27,28,0,26281515500,28,10000000,1350,300000,20495,30000
00317,01/08/2018,05,06,29,30,37,38,0,24731858000,24,10000000,957,300000,17735,30000
00316,29/07/2018,26,31,32,37,43,45,0,22925351500,14,10000000,901,300000,16162,30000
00315,27/07/2018,02,21,32,37,38,42,0,21031963500,28,10000000,1071,300000,16468,30000
00314,25/07/2018,09,16,18,38,41,45,0,19477380000,17,10000000,1047,300000,17044,30000
00313,22/07/2018,08,09,24,27,40,45,0,17791807000,14,10000000,988,300000,16777,30000
00312,20/07/2018,13,14,16,19,20,23,0,16218909000,19,10000000,838,300000,14185,30000
00311,18/07/2018,08,10,14,19,26,34,0,14699373500,25,10000000,1010,300000,15167,30000
00310,15/07/2018,07,15,20,29,31,38,0,13380902000,18,10000000,939,300000,14508,30000
00309,13/07/2018,03,08,09,25,27,28,1,16334968000,18,10000000,1026,300000,17611,30000
00308,11/07/2018,12,26,28,29,39,43,0,14804193500,25,10000000,1146,300000,17274,30000
00307,08/07/2018,02,07,08,10,28,44,0,13398681000,19,10000000,1008,300000,15759,30000
00306,06/07/2018,22,26,33,34,38,42,1,19552700000,22,10000000,1003,300000,16420,30000
00305,04/07/2018,02,03,27,28,34,43,0,17914040000,27,10000000,953,300000,16535,30000
00304,01/07/2018,04,07,15,28,34,37,0,16261589000,20,10000000,1049,300000,17050,30000
00303,29/06/2018,06,18,22,24,36,39,0,14740422500,31,10000000,1228,300000,17282,30000
00302,27/06/2018,25,27,29,33,37,38,0,13503491000,17,10000000,1045,300000,16293,30000
00301,24/06/2018,06,08,23,32,33,41,1,45425875500,34,10000000,1632,300000,23868,30000
00300,22/06/2018,15,19,20,26,34,39,0,41341594500,35,10000000,1302,300000,21582,30000
00299,20/06/2018,02,18,22,30,32,43,0,37468041000,27,10000000,1303,300000,20342,30000
00298,17/06/2018,03,05,06,07,34,40,0,33489990000,10,10000000,1082,300000,19841,30000
00297,15/06/2018,08,11,13,23,24,28,0,29482556000,32,10000000,1285,300000,22044,30000
00296,13/06/2018,02,04,17,24,31,40,0,27102742000,19,10000000,1182,300000,19736,30000
00295,10/06/2018,22,25,35,36,38,39,0,24921544500,27,10000000,1288,300000,20933,30000
00294,08/06/2018,04,13,32,35,40,42,0,23018484500,25,10000000,1218,300000,20224,30000
00293,06/06/2018,06,20,22,26,43,44,0,21075967500,24,10000000,1184,300000,19089,30000
00292,03/06/2018,18,20,24,40,42,45,0,19111078500,27,10000000,1190,300000,18436,30000
00291,01/06/2018,06,14,19,38,43,44,0,17365309000,29,10000000,1105,300000,18230,30000
00290,30/05/2018,02,17,19,27,31,36,0,15627431500,15,10000000,1085,300000,18433,30000
00289,27/05/2018,05,09,17,18,19,22,0,13683452000,12,10000000,1160,300000,18535,30000
00288,25/05/2018,05,14,22,26,29,39,1,21696294500,29,10000000,1259,300000,21646,30000
00287,23/05/2018,13,16,25,34,37,41,0,19682837500,33,10000000,1368,300000,21398,30000
00286,20/05/2018,18,19,25,26,29,39,0,17623253000,25,10000000,1252,300000,20803,30000
00285,18/05/2018,03,18,24,29,30,35,0,15871546000,20,10000000,1043,300000,18221,30000
00284,16/05/2018,10,21,23,25,35,38,0,13942069000,21,10000000,1094,300000,18595,30000
00283,13/05/2018,06,11,16,18,27,41,1,24928178500,18,10000000,1355,300000,23285,30000
00282,11/05/2018,10,11,26,29,33,38,0,22525075500,39,10000000,1571,300000,24698,30000
00281,09/05/2018,09,15,20,30,31,33,0,20418869500,29,10000000,1334,300000,22068,30000
00280,06/05/2018,11,26,28,34,36,37,0,18190592000,17,10000000,1141,300000,19896,30000
00279,04/05/2018,09,18,25,26,27,29,0,16001414000,20,10000000,1365,300000,22411,30000
00278,02/05/2018,10,11,22,29,37,40,0,13991781000,22,10000000,1186,300000,18563,30000
00277,29/04/2018,03,10,22,23,25,43,1,43167500500,40,10000000,1567,300000,26030,30000
00276,27/04/2018,10,20,24,27,28,29,0,38250538000,31,10000000,1444,300000,25998,30000
00275,25/04/2018,04,15,17,23,29,43,0,32795426500,39,10000000,1731,300000,28859,30000
00274,22/04/2018,06,07,22,32,36,39,0,29520435500,35,10000000,1642,300000,27347,30000
00273,20/04/2018,06,09,14,30,33,42,0,26951035500,25,10000000,1587,300000,25974,30000
00272,18/04/2018,06,16,28,29,39,44,0,24283540000,28,10000000,1778,300000,27769,30000
00271,15/04/2018,03,09,13,20,30,34,0,21625367000,38,10000000,1419,300000,24618,30000
00270,13/04/2018,11,22,24,33,38,43,0,19208849500,27,10000000,1537,300000,24202,30000
00269,11/04/2018,07,20,23,25,26,39,0,16698808500,20,10000000,1382,300000,25132,30000
00268,08/04/2018,02,05,11,16,30,34,0,14181136500,24,10000000,1131,300000,20802,30000
00267,06/04/2018,01,07,08,09,36,40,1,18950624000,33,10000000,1660,300000,26350,30000
00266,04/04/2018,02,03,06,16,41,44,0,16610316000,24,10000000,1396,300000,25018,30000
00265,01/04/2018,04,12,24,33,39,43,0,14023275500,31,10000000,1466,300000,22375,30000
00264,30/03/2018,07,11,18,28,34,43,1,47232044000,38,10000000,2081,300000,33821,30000
00263,28/03/2018,12,18,31,34,35,42,0,41045491000,44,10000000,1805,300000,29771,30000
00262,25/03/2018,04,10,13,22,38,42,0,35146443000,30,10000000,1582,300000,26101,30000
00261,23/03/2018,03,06,12,22,26,35,0,29771262500,45,10000000,1907,300000,29732,30000
00260,21/03/2018,06,19,38,40,41,44,0,24925558000,38,10000000,1716,300000,28341,30000
00259,18/03/2018,14,21,24,28,31,40,0,22126590500,28,10000000,1441,300000,23468,30000
00258,16/03/2018,06,08,13,17,20,34,0,19364868500,32,10000000,1650,300000,26555,30000
00257,14/03/2018,12,21,23,27,31,34,0,16816618000,33,10000000,1559,300000,25655,30000
00256,11/03/2018,01,14,19,26,41,42,0,14198696000,33,10000000,1414,300000,22749,30000
00255,09/03/2018,05,10,13,19,25,44,1,63703129500,51,10000000,2552,300000,40561,30000
00254,07/03/2018,08,19,25,31,37,40,0,57077335000,75,10000000,2364,300000,36375,30000
00253,04/03/2018,04,11,19,25,32,40,0,50300808000,53,10000000,2318,300000,35614,30000
00252,02/03/2018,03,07,15,27,41,45,0,44207793500,79,10000000,2809,300000,40900,30000
00251,28/02/2018,17,19,21,23,36,40,0,38734509500,44,10000000,2042,300000,33821,30000
00250,25/02/2018,08,10,12,29,30,42,0,31977072000,64,10000000,2145,300000,36414,30000
00249,23/02/2018,05,16,19,23,29,37,0,25996836500,58,10000000,2070,300000,33245,30000
00248,21/02/2018,18,23,24,26,29,33,0,22715192500,35,10000000,1698,300000,31572,30000
00247,18/02/2018,01,05,14,16,36,38,0,19454641500,27,10000000,1464,300000,22927,30000
00246,14/02/2018,12,31,32,34,35,43,0,17174625000,36,10000000,1472,300000,26277,30000
00245,11/02/2018,05,19,27,32,41,45,0,14235832500,39,10000000,1957,300000,28312,30000
00244,09/02/2018,02,10,14,19,23,37,4,32015128500,52,10000000,2359,300000,35705,30000
00243,07/02/2018,05,07,18,26,30,36,0,26011855000,53,10000000,2227,300000,35201,30000
00242,04/02/2018,01,05,13,27,40,45,0,22059937000,37,10000000,2004,300000,31457,30000
00241,02/02/2018,02,07,14,28,42,45,0,19227076000,47,10000000,1863,300000,29353,30000
00240,31/01/2018,04,07,09,10,30,40,0,16606785500,47,10000000,1858,300000,28644,30000
00239,28/01/2018,12,26,27,33,36,37,0,14144899000,32,10000000,1165,300000,21686,30000
00238,26/01/2018,01,09,18,28,36,44,1,75033798000,69,10000000,2864,300000,43242,30000
00237,24/01/2018,05,06,24,33,42,45,0,67844710500,79,10000000,2971,300000,44067,30000
00236,21/01/2018,01,10,11,24,32,37,0,60521055500,53,10000000,2274,300000,37879,30000
00235,19/01/2018,02,04,27,28,31,36,0,53253948000,42,10000000,1884,300000,33988,30000
00234,17/01/2018,09,10,12,22,27,41,0,46117073000,48,10000000,2257,300000,38463,30000
00233,14/01/2018,01,06,10,29,32,41,0,38977908000,36,10000000,1955,300000,33079,30000
00232,12/01/2018,04,08,17,23,27,34,0,32458724000,67,10000000,2349,300000,34695,30000
00231,10/01/2018,06,18,21,22,37,45,0,26791424500,35,10000000,1956,300000,31897,30000
00230,07/01/2018,04,06,11,13,24,31,0,22694481500,52,10000000,2028,300000,30879,30000
00229,05/01/2018,19,30,34,38,42,44,0,20050529500,20,10000000,1348,300000,24699,30000
00228,03/01/2018,08,14,19,30,33,35,0,17039845000,29,10000000,1617,300000,26100,30000
00227,31/12/2017,03,13,14,26,30,34,0,14360960500,31,10000000,1308,300000,22325,30000
00226,29/12/2017,02,08,17,20,29,39,1,105541617500,101,10000000,3651,300000,55822,30000
00225,27/12/2017,09,13,19,21,27,30,0,96904849000,59,10000000,3089,300000,47677,30000
00224,24/12/2017,01,05,09,14,30,31,0,88529570000,66,10000000,2370,300000,42317,30000
00223,22/12/2017,09,13,17,22,26,33,0,80604750500,63,10000000,2609,300000,44289,30000
00222,20/12/2017,03,08,25,37,40,42,0,73379042500,56,10000000,2676,300000,42975,30000
00221,17/12/2017,04,07,16,27,40,41,0,65963106000,35,10000000,2323,300000,37799,30000
00220,15/12/2017,13,14,17,24,28,43,0,58946980500,34,10000000,1964,300000,34965,30000
00219,13/12/2017,04,07,19,24,32,38,0,52263301500,53,10000000,2271,300000,36231,30000
00218,10/12/2017,27,36,39,43,44,45,0,46141752000,60,10000000,1921,300000,31530,30000
00217,08/12/2017,02,11,15,32,40,44,0,40544388500,31,10000000,1961,300000,29879,30000
00216,06/12/2017,03,07,29,31,34,43,0,35307952000,47,10000000,1874,300000,29108,30000
00215,03/12/2017,08,09,15,18,27,30,0,30094115000,43,10000000,1761,300000,29024,30000
00214,01/12/2017,10,19,30,35,39,45,0,27156006000,31,10000000,1578,300000,25357,30000
00213,29/11/2017,19,23,26,37,38,41,0,24686239000,25,10000000,1497,300000,25937,30000
00212,26/11/2017,04,12,17,19,23,34,0,22050287500,28,10000000,1597,300000,25275,30000
00211,24/11/2017,14,24,32,34,36,45,0,19851922000,32,10000000,1294,300000,21783,30000
00210,22/11/2017,05,06,09,23,27,35,0,17737324500,39,10000000,1864,300000,27749,30000
00209,19/11/2017,14,20,30,33,41,43,0,15922069000,15,10000000,935,300000,16512,30000
00208,17/11/2017,11,13,18,19,31,45,0,13915237000,17,10000000,1068,300000,18587,30000
00207,15/11/2017,01,09,15,27,33,43,1,20031482500,42,10000000,2024,300000,27601,30000
00206,12/11/2017,22,26,37,40,42,44,0,17964388500,69,10000000,1416,300000,20775,30000
00205,10/11/2017,01,04,19,21,24,35,0,16076253000,30,10000000,1225,300000,20160,30000
00204,08/11/2017,01,18,23,24,40,41,0,14042946500,26,10000000,1056,300000,18214,30000
00203,05/11/2017,03,17,38,39,41,44,1,39508281500,40,10000000,1633,300000,28531,30000
00202,03/11/2017,07,17,20,22,29,44,0,33963663500,29,10000000,1623,300000,27659,30000
00201,01/11/2017,04,12,25,39,42,44,0,28523607000,41,10000000,1776,300000,29321,30000
00200,29/10/2017,01,05,28,31,44,45,0,23994411500,27,10000000,1562,300000,26325,30000
00199,27/10/2017,04,10,13,21,22,38,0,21223116500,33,10000000,1442,300000,24180,30000
00198,25/10/2017,12,17,23,25,34,38,0,18660832500,50,10000000,2054,300000,29260,30000
00197,22/10/2017,08,14,16,17,31,42,0,16454311000,22,10000000,1262,300000,22398,30000
00196,20/10/2017,02,18,25,33,36,42,0,14044139000,25,10000000,1273,300000,20761,30000
00195,18/10/2017,16,24,32,36,37,40,1,49725546500,60,10000000,2641,300000,38500,30000
00194,15/10/2017,02,09,14,21,35,40,0,43087021500,28,10000000,1886,300000,32544,30000
00193,13/10/2017,10,13,20,21,25,36,0,36463490000,49,10000000,2027,300000,35064,30000
00192,11/10/2017,04,11,14,15,19,26,0,30674931000,28,10000000,2170,300000,35660,30000
00191,08/10/2017,08,16,24,27,35,39,0,24467091000,67,10000000,2186,300000,32852,30000
00190,06/10/2017,04,06,18,20,30,45,0,22039395000,38,10000000,1724,300000,27482,30000
00189,04/10/2017,04,05,09,19,37,44,0,19277233000,41,10000000,1958,300000,32108,30000
00188,01/10/2017,08,23,27,36,37,43,0,16810782500,28,10000000,1465,300000,24788,30000
00187,29/09/2017,23,28,30,35,37,42,0,14386322000,20,10000000,1166,300000,20811,30000
00186,27/09/2017,10,19,33,34,35,45,1,112128144500,85,10000000,3964,300000,69922,30000
00185,24/09/2017,04,10,11,31,36,39,0,97184052500,75,10000000,3098,300000,54245,30000
00184,22/09/2017,05,16,21,31,37,41,0,85794951000,53,10000000,2854,300000,48138,30000
00183,20/09/2017,05,07,13,17,23,33,0,76017619000,118,10000000,4414,300000,61483,30000
00182,17/09/2017,06,11,15,16,37,40,0,67928383500,51,10000000,2363,300000,41385,30000
00181,15/09/2017,03,24,35,37,40,43,0,59876865000,35,10000000,2055,300000,35198,30000
00180,13/09/2017,03,08,19,35,38,40,0,52375807500,57,10000000,2568,300000,42364,30000
00179,10/09/2017,01,22,23,35,36,42,0,45017827500,26,10000000,1889,300000,32963,30000
00178,08/09/2017,02,15,17,32,41,44,0,38078171000,40,10000000,1896,300000,31997,30000
00177,06/09/2017,05,20,24,32,36,42,0,32087827000,42,10000000,2041,300000,32436,30000
00176,03/09/2017,05,06,26,28,35,43,0,27593130000,27,10000000,1886,300000,30351,30000
00175,01/09/2017,09,10,13,19,23,41,0,24806172500,39,10000000,2047,300000,32397,30000
00174,30/08/2017,05,08,11,28,35,41,0,22072526500,48,10000000,2129,300000,34967,30000
00173,27/08/2017,03,07,16,32,36,39,0,19342630500,51,10000000,1798,300000,29749,30000
00172,25/08/2017,02,07,12,27,40,44,0,16843686500,28,10000000,1698,300000,26231,30000
00171,23/08/2017,06,25,27,34,42,43,0,14430230000,39,10000000,1571,300000,24680,30000
00170,20/08/2017,05,15,18,21,37,45,1,20196533500,33,10000000,1813,300000,30582,30000
00169,18/08/2017,03,04,18,22,34,37,0,17211832000,33,10000000,1621,300000,25925,30000
00168,16/08/2017,06,11,15,19,22,41,0,14511266500,41,10000000,1793,300000,28451,30000
00167,13/08/2017,01,03,06,07,16,18,1,24355032000,52,10000000,2375,300000,38090,30000
00166,11/08/2017,01,12,19,35,36,41,0,21279857000,39,10000000,1803,300000,30649,30000
00165,09/08/2017,11,19,22,24,25,31,0,18094934500,41,10000000,1884,300000,32403,30000
00164,06/08/2017,02,09,10,11,21,43,0,14758481000,31,10000000,1750,300000,29465,30000
00163,04/08/2017,03,12,13,23,26,37,1,36385680000,62,10000000,3085,300000,48928,30000
00162,02/08/2017,07,10,17,26,28,43,0,31526653500,84,10000000,3137,300000,51265,30000
00161,30/07/2017,08,17,24,35,41,44,0,27215847000,50,10000000,2998,300000,44299,30000
00160,28/07/2017,01,04,09,26,35,39,0,22841331000,50,10000000,2547,300000,41798,30000
00159,26/07/2017,09,26,27,30,40,44,0,18997393000,40,10000000,2089,300000,36769,30000
00158,23/07/2017,07,09,13,21,28,39,0,14699647500,54,10000000,2214,300000,35056,30000
00157,21/07/2017,05,06,09,15,19,32,2,14103027500,64,10000000,2640,300000,38817,30000
00156,19/07/2017,04,07,13,20,35,44,1,131916845500,155,10000000,8178,300000,135526,30000
00155,16/07/2017,02,10,27,29,37,39,0,107310536500,112,10000000,5224,300000,89502,30000
00154,14/07/2017,02,13,19,24,25,33,0,89529309000,117,10000000,5580,300000,85618,30000
00153,12/07/2017,05,09,14,15,26,42,0,75739875000,111,10000000,4789,300000,79849,30000
00152,09/07/2017,01,09,14,18,25,28,0,62125331000,72,10000000,3814,300000,62587,30000
00151,07/07/2017,04,19,22,30,34,35,0,51353669500,55,10000000,2490,300000,45314,30000
00150,05/07/2017,01,04,16,31,37,40,0,41307196000,49,10000000,2516,300000,43669,30000
00149,02/07/2017,01,05,07,16,19,44,0,31480779500,51,10000000,2578,300000,43348,30000
00148,30/06/2017,01,07,10,38,40,42,0,26077564500,34,10000000,1973,300000,34268,30000
00147,28/06/2017,02,06,21,28,39,40,0,22045991000,54,10000000,2319,300000,39937,30000
00146,25/06/2017,03,14,33,38,42,44,0,18213880500,32,10000000,1846,300000,30330,30000
00145,23/06/2017,09,10,21,37,40,42,0,14933472500,18,10000000,1414,300000,23449,30000
00144,21/06/2017,09,26,29,30,35,37,1,21487564000,33,10000000,2021,300000,37727,30000
00143,18/06/2017,02,08,12,14,16,26,0,17199957500,74,10000000,2682,300000,40018,30000
00142,16/06/2017,06,10,17,21,27,38,0,14665599500,44,10000000,1879,300000,31706,30000
00141,14/06/2017,05,08,15,25,31,35,1,82060579000,162,10000000,6375,300000,89284,30000
00140,11/06/2017,05,06,11,14,32,33,0,68224154000,91,10000000,4313,300000,72695,30000
00139,09/06/2017,07,15,19,24,32,42,0,56519820000,91,10000000,3882,300000,61455,30000
00138,07/06/2017,05,06,13,29,35,44,0,46118017000,62,10000000,3283,300000,56991,30000
00137,04/06/2017,01,09,23,32,34,35,0,35585407000,30,10000000,2441,300000,43688,30000
00136,02/06/2017,05,13,16,32,39,41,0,26998153000,65,10000000,2498,300000,40557,30000
00135,31/05/2017,07,13,16,30,37,44,0,22304986000,32,10000000,2103,300000,37028,30000
00134,28/05/2017,02,07,17,24,31,44,0,17885440000,59,10000000,2123,300000,35085,30000
00133,26/05/2017,06,08,25,39,40,45,0,14713507000,54,10000000,1901,300000,29655,30000
00132,24/05/2017,08,20,25,27,30,33,1,112477419000,136,10000000,7024,300000,127123,30000
00131,21/05/2017,11,14,17,22,27,42,0,86669528000,116,10000000,5190,300000,85810,30000
00130,19/05/2017,01,08,18,28,30,33,0,69744001500,103,10000000,4302,300000,69615,30000
00129,17/05/2017,07,08,11,18,23,42,0,55971817000,81,10000000,4579,300000,74518,30000
00128,14/05/2017,13,15,17,21,25,40,0,43072266500,83,10000000,3547,300000,53386,30000
00127,12/05/2017,01,27,35,42,43,45,0,33883918000,50,10000000,2152,300000,36291,30000
00126,10/05/2017,07,17,21,29,40,44,0,25768903500,33,10000000,2117,300000,38551,30000
00125,07/05/2017,01,07,28,32,44,45,0,21030978000,41,10000000,1936,300000,33806,30000
00124,05/05/2017,04,09,12,32,36,43,0,17450444500,41,10000000,2044,300000,31965,30000
00123,03/05/2017,03,19,20,21,25,45,0,14671443000,41,10000000,1699,300000,28842,30000
00122,30/04/2017,02,06,08,11,12,25,1,37930392500,117,10000000,4183,300000,56100,30000
00121,28/04/2017,02,09,11,12,15,23,0,30392235000,123,10000000,4317,300000,60073,30000
00120,26/04/2017,14,16,17,20,35,39,0,27142731500,48,10000000,2522,300000,43316,30000
00119,23/04/2017,13,17,22,30,31,43,0,22460863000,38,10000000,2212,300000,36734,30000
00118,21/04/2017,07,08,15,30,32,39,0,18574303000,18,10000000,1756,300000,31176,30000
00117,19/04/2017,19,20,32,33,38,44,0,15289489000,23,10000000,1558,300000,27221,30000
00116,16/04/2017,06,07,18,29,32,44,2,21551860500,70,10000000,2555,300000,38962,30000
00115,14/04/2017,04,05,10,33,36,38,0,18396351500,32,10000000,1755,300000,31477,30000
00114,12/04/2017,02,03,08,13,19,41,0,15061131500,49,10000000,1927,300000,34385,30000
00113,09/04/2017,05,08,21,25,26,37,1,23260825500,33,10000000,2404,300000,42322,30000
00112,07/04/2017,04,05,16,17,32,40,0,19215805000,27,10000000,1994,300000,33306,30000
00111,05/04/2017,13,14,20,21,23,33,0,15738450500,27,10000000,1967,300000,33816,30000
00110,02/04/2017,03,05,07,12,27,33,1,27757861500,76,10000000,3468,300000,53130,30000
00109,31/03/2017,01,04,05,11,20,30,0,22599497500,62,10000000,2550,300000,38437,30000
00108,29/03/2017,04,05,24,26,28,37,0,18913358000,41,10000000,2931,300000,45338,30000
00107,26/03/2017,06,12,23,25,29,43,0,14932069000,48,10000000,2467,300000,39046,30000
00106,24/03/2017,10,14,30,32,37,42,1,24369075000,56,10000000,2182,300000,38591,30000
00105,22/03/2017,01,09,24,28,33,36,0,20053374000,48,10000000,2734,300000,45501,30000
00104,19/03/2017,01,02,06,12,31,36,0,15514249500,43,10000000,2168,300000,36379,30000
00103,17/03/2017,07,12,24,43,44,45,1,43029075000,56,10000000,3008,300000,53995,30000
00102,15/03/2017,03,09,10,31,32,40,0,32528800000,74,10000000,3105,300000,54469,30000
00101,12/03/2017,06,11,30,32,35,42,0,25751732000,52,10000000,2581,300000,45027,30000
00100,10/03/2017,04,09,21,27,38,44,0,20691602500,43,10000000,2323,300000,40260,30000
00099,08/03/2017,05,11,14,20,32,42,0,16235308500,67,10000000,2614,300000,45495,30000
00098,05/03/2017,18,21,24,26,39,45,2,20208845500,55,10000000,2695,300000,44111,30000
00097,03/03/2017,02,04,13,22,23,41,0,15908249000,56,10000000,2380,300000,39367,30000
00096,01/03/2017,03,04,26,30,35,44,1,41241151500,71,10000000,3348,300000,58591,30000
00095,26/02/2017,07,11,16,19,38,39,0,28881350000,71,10000000,3839,300000,59545,30000
00094,24/02/2017,02,04,19,23,44,45,0,22067968000,44,10000000,2933,300000,49304,30000
00093,22/02/2017,01,03,08,18,28,42,0,17094590500,52,10000000,3267,300000,52020,30000
00092,19/02/2017,01,17,24,25,33,35,1,41655369000,81,10000000,3669,300000,62482,30000
00091,17/02/2017,12,15,25,27,37,41,0,30113481000,86,10000000,4144,300000,62854,30000
00090,15/02/2017,04,16,19,27,29,30,0,22068008000,81,10000000,4306,300000,64569,30000
00089,12/02/2017,04,06,12,21,23,28,0,16293746000,74,10000000,3384,300000,53287,30000
00088,10/02/2017,02,06,10,13,20,28,1,31054352000,122,10000000,4354,300000,65488,30000
00087,08/02/2017,15,26,29,32,34,38,0,23731260500,110,10000000,4559,300000,71916,30000
00086,05/02/2017,01,11,26,29,34,40,0,17097119000,49,10000000,2736,300000,46235,30000
00085,03/02/2017,08,17,31,32,33,39,1,22224383000,78,10000000,3313,300000,55942,30000
00084,01/02/2017,02,10,11,18,22,33,0,16621416500,75,10000000,3383,300000,52194,30000
00083,29/01/2017,05,13,21,27,29,45,1,75850074500,145,10000000,6399,300000,101133,30000
00082,25/01/2017,06,09,14,18,28,30,0,59055061500,123,10000000,5537,300000,89125,30000
00081,22/01/2017,01,20,21,22,26,29,0,44064415000,68,10000000,3641,300000,62334,30000
00080,20/01/2017,01,11,31,32,34,37,0,31062333000,74,10000000,3419,300000,58607,30000
00079,18/01/2017,11,22,26,28,35,43,0,24189181500,97,10000000,4861,300000,77375,30000
00078,15/01/2017,05,25,27,29,31,43,0,17152877000,115,10000000,4520,300000,65295,30000
00077,13/01/2017,12,24,29,32,37,39,1,17491608500,100,10000000,4117,300000,62391,30000
00076,11/01/2017,02,08,21,29,37,45,1,28747032500,107,10000000,4412,300000,76356,30000
00075,08/01/2017,12,18,29,32,39,45,0,18718983500,74,10000000,3893,300000,67251,30000
00074,06/01/2017,22,30,34,36,43,45,1,30531270500,87,10000000,4203,300000,72269,30000
00073,04/01/2017,04,19,25,27,29,31,0,20148356500,95,10000000,5251,300000,87141,30000
00072,01/01/2017,09,18,24,33,36,39,1,48794185000,158,10000000,6287,300000,93921,30000
00071,30/12/2016,07,23,27,29,35,37,0,33158297500,101,10000000,5458,300000,86880,30000
00070,28/12/2016,02,22,25,33,38,43,0,21524698500,103,10000000,5767,300000,95614,30000
00069,25/12/2016,05,12,20,29,34,36,2,159232985000,196,10000000,10127,300000,176792,30000
00068,23/12/2016,01,17,24,25,37,43,0,126099475000,160,10000000,8884,300000,151358,30000
00067,21/12/2016,03,06,12,14,18,40,0,98384793500,151,10000000,8092,300000,138149,30000
00066,18/12/2016,03,07,30,32,41,43,0,73843316500,85,10000000,4495,300000,76179,30000
00065,16/12/2016,05,08,33,34,39,44,0,57376762500,95,10000000,4340,300000,71908,30000
00064,14/12/2016,05,06,12,16,26,30,0,42627154000,112,10000000,6196,300000,97449,30000
00063,11/12/2016,02,03,04,05,22,24,0,26567247500,130,10000000,5253,300000,76756,30000
00062,09/12/2016,11,12,15,17,21,26,0,18528083000,102,10000000,5292,300000,83781,30000
00061,07/12/2016,13,23,27,28,32,45,1,69582180000,169,10000000,6539,300000,113471,30000
00060,04/12/2016,03,05,13,27,38,44,0,49357581000,119,10000000,5137,300000,85135,30000
00059,02/12/2016,17,26,33,34,37,42,0,34053459000,95,10000000,4740,300000,78792,30000
00058,30/11/2016,06,15,17,20,23,41,0,21722316000,128,10000000,6151,300000,103216,30000
00057,27/11/2016,12,16,17,18,22,30,1,54886916500,110,10000000,5613,300000,94353,30000
00056,25/11/2016,03,04,25,31,37,40,0,37849277000,95,10000000,5266,300000,87124,30000
00055,23/11/2016,02,22,23,24,28,37,0,22673898000,137,10000000,6685,300000,111913,30000
00054,20/11/2016,09,23,33,38,41,42,1,56100126000,129,10000000,5555,300000,93293,30000
00053,18/11/2016,11,12,16,24,26,31,0,38611602000,120,10000000,6130,300000,101233,30000
00052,16/11/2016,01,09,17,28,43,44,0,23092467000,131,10000000,6483,300000,109092,30000
00051,13/11/2016,11,23,25,34,36,45,1,71066641000,128,10000000,5554,300000,87443,30000
00050,11/11/2016,10,17,22,23,30,36,0,54743403000,90,10000000,4637,300000,79638,30000
00049,09/11/2016,02,10,14,24,25,30,0,38977855000,111,10000000,5563,300000,93158,30000
00048,06/11/2016,04,15,16,20,26,41,0,23252753000,79,10000000,3581,300000,61079,30000
00047,04/11/2016,05,13,22,24,28,32,0,17235306000,69,10000000,3393,300000,56670,30000
00046,02/11/2016,03,05,08,10,13,22,1,64808542500,79,10000000,4255,300000,66894,30000
00045,30/10/2016,07,12,25,28,40,44,0,52703398000,72,10000000,3160,300000,53369,30000
00044,28/10/2016,10,11,13,14,16,38,0,42928404000,47,10000000,3437,300000,56659,30000
00043,26/10/2016,01,08,16,18,21,28,0,32312328000,105,10000000,4120,300000,69563,30000
00042,23/10/2016,02,05,12,21,22,40,0,22362082500,51,10000000,2505,300000,42746,30000
00041,21/10/2016,16,17,30,32,34,38,0,17842703500,44,10000000,1913,300000,31209,30000
00040,19/10/2016,02,13,15,17,18,41,0,14659178500,26,10000000,1506,300000,25582,30000
00039,16/10/2016,05,21,31,33,38,42,1,92030182500,17,10000000,1178,300000,20388,30000
00038,14/10/2016,03,07,09,18,28,39,0,87558225500,66,10000000,2445,300000,30221,30000
00037,12/10/2016,02,08,15,16,19,25,0,84060767000,49,10000000,2076,300000,30595,30000
00036,09/10/2016,02,15,20,32,33,44,0,79596879500,21,10000000,1201,300000,20344,30000
00035,07/10/2016,24,25,27,34,44,45,0,75539052000,20,10000000,1048,300000,17134,30000
00034,05/10/2016,05,06,19,31,42,44,0,71430098000,21,10000000,1106,300000,20845,30000
00033,02/10/2016,16,23,27,34,35,38,0,67219887000,44,10000000,1317,300000,18578,30000
00032,30/09/2016,06,20,30,38,40,45,0,64193390500,14,10000000,957,300000,14569,30000
00031,28/09/2016,03,06,17,21,32,40,0,60841799500,26,10000000,1107,300000,19336,30000
00030,25/09/2016,01,20,28,32,42,44,0,57057357500,13,10000000,730,300000,14744,30000
00029,23/09/2016,08,14,19,29,30,40,0,53733170500,24,10000000,1012,300000,15853,30000
00028,21/09/2016,05,12,15,30,37,41,0,50637656500,17,10000000,951,300000,16757,30000
00027,18/09/2016,07,10,17,20,25,32,0,47104438000,22,10000000,1009,300000,15864,30000
00026,16/09/2016,04,05,06,23,31,34,0,44453054500,12,10000000,673,300000,12773,30000
00025,14/09/2016,02,11,14,23,25,32,0,41528788000,36,10000000,1363,300000,19385,30000
00024,11/09/2016,06,09,10,18,20,31,0,38971774000,13,10000000,846,300000,13890,30000
00023,09/09/2016,07,13,16,18,31,32,0,36597883000,24,10000000,813,300000,14666,30000
00022,07/09/2016,06,08,12,13,15,19,0,34202887000,43,10000000,1214,300000,17170,30000
00021,04/09/2016,11,15,20,24,27,45,0,32087986000,7,10000000,635,300000,10382,30000
00020,02/09/2016,09,13,24,35,36,41,0,29958428500,17,10000000,649,300000,11459,30000
00019,31/08/2016,08,20,21,31,34,39,0,27868784500,18,10000000,613,300000,11047,30000
00018,28/08/2016,04,06,10,15,16,44,0,25624053000,9,10000000,474,300000,9099,30000
00017,26/08/2016,10,36,39,43,44,45,0,24214106500,12,10000000,371,300000,7733,30000
00016,24/08/2016,08,17,21,23,36,40,0,23139377500,15,10000000,599,300000,10625,30000
00015,21/08/2016,13,21,24,25,29,44,0,21982877500,5,10000000,569,300000,9629,30000
00014,19/08/2016,11,12,17,33,34,36,0,21032293000,15,10000000,608,300000,10440,30000
00013,17/08/2016,02,04,09,19,21,26,0,20253396500,8,10000000,673,300000,10472,30000
00012,14/08/2016,13,16,17,29,31,37,0,19290861000,26,10000000,902,300000,10113,30000
00011,12/08/2016,28,31,34,37,38,41,0,18841509500,6,10000000,350,300000,6440,30000
00010,10/08/2016,06,15,16,19,27,30,0,17952978000,9,10000000,557,300000,9195,30000
00009,07/08/2016,03,05,17,22,30,31,0,17164580000,6,10000000,351,300000,5788,30000
00008,05/08/2016,03,09,13,18,24,31,0,16409266000,9,10000000,513,300000,8032,30000
00007,03/08/2016,07,10,25,27,29,40,0,15791342500,12,10000000,496,300000,7254,30000
00006,31/07/2016,02,06,19,21,35,39,0,15121387000,5,10000000,446,300000,7000,30000
00005,29/07/2016,03,08,13,20,30,36,0,14565346500,5,10000000,310,300000,5170,30000
00004,27/07/2016,14,17,21,25,31,37,0,13942033000,5,10000000,333,300000,5431,30000
00003,24/07/2016,01,10,16,18,23,38,0,13271044500,5,10000000,323,300000,5182,30000
00002,22/07/2016,03,04,14,20,25,35,0,12858704500,1,10000000,148,300000,3276,30000
00001,20/07/2016,02,17,33,37,38,45,0,12357724500,3,10000000,222,300000,4242,30000
